{
    "rmse": 0.7128829045893679,
    "mae": 0.5462202174984664,
    "r2": 0.2799376066653344,
    "alpha": 0.1,
    "l1_ratio": 0.1,
    "train_size": 1199,
    "test_size": 400
}