{
    "rmse": 0.7931640229276851,
    "mae": 0.6271946374319586,
    "r2": 0.10862644997792614,
    "alpha": 0.5,
    "l1_ratio": 0.5,
    "train_size": 1199,
    "test_size": 400
}